{
  "saved_at": 1780654144.8583775,
  "stage": "initial_scan",
  "target_color": "blue",
  "target_count": 1,
  "knocked_count": 0,
  "pose": {
    "x": 0.0,
    "y": 0.0,
    "heading_deg": 60.0
  },
  "alive_count": 4,
  "target_alive_count": 1,
  "obstacle_alive_count": 3,
  "pins": [
    {
      "id": 1,
      "color": "red",
      "x": -42.554030023453016,
      "y": 37.012009419952925,
      "angle_deg": -48.98702283501359,
      "distance_cm": 56.42953993063212,
      "confidence": 0.5351112161206196,
      "observations": 9,
      "max_area": 1202.0,
      "status": "alive",
      "is_target": false,
      "color_votes": {
        "red": 7,
        "pink": 2
      }
    },
    {
      "id": 2,
      "color": "blue",
      "x": -34.98436744551571,
      "y": 46.39645041926873,
      "angle_deg": -36.47388739021841,
      "distance_cm": 58.7040726754336,
      "confidence": 0.6824626419972774,
      "observations": 25,
      "max_area": 1742.5,
      "status": "alive",
      "is_target": true,
      "color_votes": {
        "blue": 25
      }
    },
    {
      "id": 3,
      "color": "pink",
      "x": -9.189493125192257,
      "y": 24.735779305810293,
      "angle_deg": -20.31060293002318,
      "distance_cm": 26.40142957680492,
      "confidence": 0.47680961892688306,
      "observations": 17,
      "max_area": 4997.5,
      "status": "alive",
      "is_target": false,
      "color_votes": {
        "pink": 17
      }
    },
    {
      "id": 4,
      "color": "pink",
      "x": 18.22760246041881,
      "y": 39.03073384217152,
      "angle_deg": 25.17073709123099,
      "distance_cm": 43.307186951265564,
      "confidence": 0.5238925541814655,
      "observations": 8,
      "max_area": 1712.0,
      "status": "alive",
      "is_target": false,
      "color_votes": {
        "pink": 8
      }
    }
  ],
  "tuning": {
    "k_distance": 2954.0,
    "merge_radius_cm": 18.0,
    "cross_color_merge_radius_cm": 14.0,
    "map_cleanup_merge_radius_cm": 22.0,
    "map_min_observations": 2,
    "map_target_min_votes": 2,
    "forbidden_radius_cm": 18.0,
    "camera_horizontal_fov_deg": 60.0
  }
}
