{
  "saved_at": 1780654159.2128336,
  "stage": "rescan",
  "target_color": "blue",
  "target_count": 1,
  "knocked_count": 0,
  "pose": {
    "x": -26.894030924553263,
    "y": 6.71636066848504,
    "heading_deg": 60.0
  },
  "alive_count": 3,
  "target_alive_count": 0,
  "obstacle_alive_count": 3,
  "pins": [
    {
      "id": 1,
      "color": "purple",
      "x": -51.88866318000623,
      "y": 43.39222823124243,
      "angle_deg": -33.68259587584407,
      "distance_cm": 44.48769946837499,
      "confidence": 0.7074650141621971,
      "observations": 6,
      "max_area": 3569.5,
      "status": "alive",
      "is_target": false,
      "color_votes": {
        "purple": 6
      }
    },
    {
      "id": 2,
      "color": "yellow",
      "x": -10.426915764691476,
      "y": 41.107059981706946,
      "angle_deg": 25.61376095388195,
      "distance_cm": 39.11137476291996,
      "confidence": 0.5994907593899969,
      "observations": 18,
      "max_area": 4953.0,
      "status": "alive",
      "is_target": false,
      "color_votes": {
        "yellow": 18
      }
    },
    {
      "id": 3,
      "color": "purple",
      "x": -12.91151895281926,
      "y": 12.672484059838911,
      "angle_deg": 66.95091906248717,
      "distance_cm": 15.199814814814815,
      "confidence": 0.5609733330497177,
      "observations": 2,
      "max_area": 16589.0,
      "status": "alive",
      "is_target": false,
      "color_votes": {
        "purple": 2
      }
    }
  ],
  "tuning": {
    "k_distance": 2954.0,
    "merge_radius_cm": 18.0,
    "cross_color_merge_radius_cm": 14.0,
    "map_cleanup_merge_radius_cm": 22.0,
    "map_min_observations": 2,
    "map_target_min_votes": 2,
    "forbidden_radius_cm": 18.0,
    "camera_horizontal_fov_deg": 60.0
  }
}
