{
  "saved_at": 1780654267.3170698,
  "stage": "rescan",
  "target_color": "blue",
  "target_count": 1,
  "knocked_count": 0,
  "pose": {
    "x": 0.0,
    "y": 0.0,
    "heading_deg": 60.0
  },
  "alive_count": 3,
  "target_alive_count": 2,
  "obstacle_alive_count": 1,
  "pins": [
    {
      "id": 1,
      "color": "blue",
      "x": -26.208684439578676,
      "y": 25.770141626643753,
      "angle_deg": -45.32518848938676,
      "distance_cm": 37.75138187859876,
      "confidence": 0.6992743644078881,
      "observations": 17,
      "max_area": 3918.0,
      "status": "alive",
      "is_target": true,
      "color_votes": {
        "purple": 9,
        "blue": 8
      }
    },
    {
      "id": 2,
      "color": "pink",
      "x": -29.184684499561143,
      "y": 37.72134665050811,
      "angle_deg": -37.7436984674996,
      "distance_cm": 47.69479166666667,
      "confidence": 0.35274489877251713,
      "observations": 2,
      "max_area": 1052.0,
      "status": "alive",
      "is_target": false,
      "color_votes": {
        "pink": 2
      }
    },
    {
      "id": 3,
      "color": "blue",
      "x": 20.53134256249509,
      "y": 28.268973459203558,
      "angle_deg": 35.94809922813127,
      "distance_cm": 35.58896330260814,
      "confidence": 0.7326214725619687,
      "observations": 37,
      "max_area": 4834.5,
      "status": "alive",
      "is_target": true,
      "color_votes": {
        "purple": 23,
        "blue": 14
      }
    }
  ],
  "tuning": {
    "k_distance": 2954.0,
    "merge_radius_cm": 18.0,
    "cross_color_merge_radius_cm": 14.0,
    "map_cleanup_merge_radius_cm": 22.0,
    "map_min_observations": 2,
    "map_target_min_votes": 2,
    "forbidden_radius_cm": 18.0,
    "camera_horizontal_fov_deg": 60.0
  }
}
