{
  "saved_at": 1780653170.8513012,
  "stage": "rescan",
  "target_color": "blue",
  "target_count": 1,
  "knocked_count": 0,
  "pose": {
    "x": 9.390208263090425,
    "y": 7.277251457507036,
    "heading_deg": 60.0
  },
  "alive_count": 1,
  "target_alive_count": 0,
  "obstacle_alive_count": 1,
  "pins": [
    {
      "id": 1,
      "color": "pink",
      "x": 45.80228311334153,
      "y": 45.4442962094879,
      "angle_deg": 43.65198442498786,
      "distance_cm": 52.75,
      "confidence": 0.7223214285714286,
      "observations": 1,
      "max_area": 1618.0,
      "status": "alive",
      "is_target": false
    }
  ],
  "tuning": {
    "k_distance": 2954.0,
    "merge_radius_cm": 18.0,
    "forbidden_radius_cm": 18.0,
    "camera_horizontal_fov_deg": 60.0
  }
}
