{
  "saved_at": 1780653434.2385566,
  "stage": "rescan",
  "target_color": "blue",
  "target_count": 1,
  "knocked_count": 0,
  "pose": {
    "x": 0.0,
    "y": 0.0,
    "heading_deg": 60.0
  },
  "alive_count": 4,
  "target_alive_count": 3,
  "obstacle_alive_count": 1,
  "pins": [
    {
      "id": 1,
      "color": "blue",
      "x": -22.138118280666944,
      "y": 45.9408338664104,
      "angle_deg": -25.710085199056067,
      "distance_cm": 51.21226931006731,
      "confidence": 0.7568993249755451,
      "observations": 31,
      "max_area": 2210.0,
      "status": "alive",
      "is_target": true
    },
    {
      "id": 2,
      "color": "blue",
      "x": 9.716776811252283,
      "y": 52.38306949854287,
      "angle_deg": 10.478941046739436,
      "distance_cm": 53.87261475192833,
      "confidence": 0.7386059026528424,
      "observations": 17,
      "max_area": 1819.0,
      "status": "alive",
      "is_target": true
    },
    {
      "id": 3,
      "color": "purple",
      "x": 36.68366475561521,
      "y": 30.94781446406585,
      "angle_deg": 50.0196263385499,
      "distance_cm": 48.44481564797433,
      "confidence": 0.7502106971821086,
      "observations": 14,
      "max_area": 2139.0,
      "status": "alive",
      "is_target": false
    },
    {
      "id": 4,
      "color": "blue",
      "x": 28.731707272984817,
      "y": 51.9394405277782,
      "angle_deg": 29.17817215581772,
      "distance_cm": 59.47535660955224,
      "confidence": 0.5849878296439444,
      "observations": 6,
      "max_area": 1329.5,
      "status": "alive",
      "is_target": true
    }
  ],
  "tuning": {
    "k_distance": 2954.0,
    "merge_radius_cm": 18.0,
    "forbidden_radius_cm": 18.0,
    "camera_horizontal_fov_deg": 60.0
  }
}
