{
  "saved_at": 1780654530.502551,
  "stage": "initial_scan",
  "target_color": "blue",
  "target_count": 2,
  "knocked_count": 0,
  "pose": {
    "x": 0.0,
    "y": 0.0,
    "heading_deg": 60.0
  },
  "alive_count": 3,
  "target_alive_count": 1,
  "obstacle_alive_count": 2,
  "pins": [
    {
      "id": 1,
      "color": "purple",
      "x": -12.827790591218875,
      "y": 20.019795124433497,
      "angle_deg": -32.728982849276434,
      "distance_cm": 23.962554727280445,
      "confidence": 0.7228991608856069,
      "observations": 7,
      "max_area": 10030.0,
      "status": "alive",
      "is_target": false,
      "color_votes": {
        "purple": 7
      }
    },
    {
      "id": 2,
      "color": "blue",
      "x": 8.990169651983464,
      "y": 21.803620886515965,
      "angle_deg": 22.2224208611143,
      "distance_cm": 24.756346181650716,
      "confidence": 0.6678245144266993,
      "observations": 18,
      "max_area": 10513.5,
      "status": "alive",
      "is_target": true,
      "color_votes": {
        "purple": 13,
        "blue": 5
      }
    },
    {
      "id": 3,
      "color": "purple",
      "x": 24.15825251594588,
      "y": 29.447830502075703,
      "angle_deg": 39.655518198331094,
      "distance_cm": 38.34055429463787,
      "confidence": 0.4647870792150455,
      "observations": 6,
      "max_area": 2501.5,
      "status": "alive",
      "is_target": false,
      "color_votes": {
        "purple": 6
      }
    }
  ],
  "tuning": {
    "k_distance": 2954.0,
    "merge_radius_cm": 18.0,
    "cross_color_merge_radius_cm": 14.0,
    "map_cleanup_merge_radius_cm": 22.0,
    "map_min_observations": 2,
    "map_target_min_votes": 2,
    "forbidden_radius_cm": 18.0,
    "camera_horizontal_fov_deg": 60.0
  }
}
